{
	"info": {
		"_postman_id": "c85ed774-dfd6-4a03-9a65-6c17efa019dc",
		"name": "API TravelGateX",
		"schema": "https://schema.getpostman.com/json/collection/v2.1.0/collection.json"
	},
	"item": [
		{
			"name": "Booking FLow",
			"item": [
				{
					"name": "Avail Multi Distribution",
					"request": {
						"method": "POST",
						"header": [
							{
								"key": "Content-Type",
								"name": "Content-Type",
								"type": "text",
								"value": "text/xml; charset=utf-8"
							},
							{
								"key": "Accept",
								"type": "text",
								"value": "application/xml"
							},
							{
								"key": "Content-Length",
								"type": "text",
								"value": "",
								"disabled": true
							},
							{
								"key": "Expect",
								"type": "text",
								"value": "100-continue"
							},
							{
								"key": "Accept-Encoding",
								"type": "text",
								"value": "gzip"
							},
							{
								"key": "Connection",
								"type": "text",
								"value": "Keep-Alive"
							}
						],
						"body": {
							"mode": "raw",
							"raw": "<?xml version=\"1.0\"?>\n<AvailRQ xmlns:xsd=\"http://www.w3.org/2001/XMLSchema\" xmlns:xsi=\"http://www.w3.org/2001/XMLSchema-instance\">\n  <timeoutMilliseconds>18000</timeoutMilliseconds>\n  <source>\n    <languageCode>es</languageCode>\n  </source>\n  <filterAuditData>\n    <registerTransactions>false</registerTransactions>\n  </filterAuditData>\n  <optionsQuota>0</optionsQuota>\n  <hubProvider />\n  <Configuration>\n     <User>TEST</User>\n    <Password>TEST</Password>\n    <UrlAvail>http://www.TestEndPoint.com</UrlAvail>\n    <UrlReservation>http://www.TestEndPoint.com</UrlReservation>\n    <UrlValuation>http://www.TestEndPoint.com</UrlValuation>\n    <UrlGeneric>http://www.TestEndPoint.com</UrlGeneric>\n    <Parameters>\n      <Parameter key=\"email\" value=\"xxx@xxx.com\" />\n      <Parameter key=\"telephone\" value=\"900000000\" />\n    </Parameters>\n  </Configuration>\n  <SearchType>Combined</SearchType>\n  <CancellationPolicies>false</CancellationPolicies>\n  <RoomCancellationPolicies>false</RoomCancellationPolicies>\n  <DailyPrices>false</DailyPrices>\n  <DailyRatePlans>false</DailyRatePlans>\n  <OnRequest>false</OnRequest>\n  <BusinessRules>CheaperAmount</BusinessRules>\n  <AvailDestinations>\n    <Destination type=\"HOT\" code=\"1\" />\n  </AvailDestinations>\n  <StartDate>24/04/2020</StartDate>\n  <EndDate>25/04/2020</EndDate>\n  <Currency>EUR</Currency>\n  <Nationality>ES</Nationality>\n  <Markets>\n    <Market>ES</Market>\n  </Markets>\n  <RoomCandidates>\n    <RoomCandidate cantidad=\"1\" id=\"1\">\n      <Paxes>\n        <Pax age=\"30\" id=\"1\" />\n        <Pax age=\"30\" id=\"2\" />\n      </Paxes>\n    </RoomCandidate>\n    <RoomCandidate cantidad=\"1\" id=\"2\">\n      <Paxes>\n        <Pax age=\"30\" id=\"1\" />\n        <Pax age=\"3\" id=\"2\" />\n        <Pax age=\"30\" id=\"3\" />\n      </Paxes>\n    </RoomCandidate>\n  </RoomCandidates>\n</AvailRQ>",
							"options": {
								"raw": {
									"language": "xml"
								}
							}
						},
						"url": {
							"raw": "www.TestEndPoint.com",
							"host": [
								"www",
								"TestEndPoint",
								"com"
							]
						},
						"description": "This method aims to return all the available options for a given date and itinerary. It does not filter different classes, times or fares. It will always retrieve all results returned by the supplier."
					},
					"response": []
				},
				{
					"name": "Avail Sigle Distribution",
					"request": {
						"method": "POST",
						"header": [
							{
								"key": "Content-Type",
								"name": "Content-Type",
								"value": "text/xml; charset=utf-8",
								"type": "text"
							},
							{
								"key": "Accept",
								"value": "application/xml",
								"type": "text"
							},
							{
								"key": "Content-Length",
								"value": "",
								"type": "text",
								"disabled": true
							},
							{
								"key": "Expect",
								"value": "100-continue",
								"type": "text"
							},
							{
								"key": "Accept-Encoding",
								"value": "gzip",
								"type": "text"
							},
							{
								"key": "Connection",
								"value": "Keep-Alive",
								"type": "text"
							}
						],
						"body": {
							"mode": "raw",
							"raw": "<?xml version=\"1.0\"?>\n<AvailRQ xmlns:xsd=\"http://www.w3.org/2001/XMLSchema\" xmlns:xsi=\"http://www.w3.org/2001/XMLSchema-instance\">\n  <timeoutMilliseconds>18000</timeoutMilliseconds>\n  <source>\n    <languageCode>es</languageCode>\n  </source>\n  <filterAuditData>\n    <registerTransactions>false</registerTransactions>\n  </filterAuditData>\n  <optionsQuota>0</optionsQuota>\n  <hubProvider />\n  <Configuration>\n     <User>TEST</User>\n    <Password>TEST</Password>\n    <UrlAvail>http://www.TestEndPoint.com</UrlAvail>\n    <UrlReservation>http://www.TestEndPoint.com</UrlReservation>\n    <UrlValuation>http://www.TestEndPoint.com</UrlValuation>\n    <UrlGeneric>http://www.TestEndPoint.com</UrlGeneric>\n    <Parameters>\n      <Parameter key=\"email\" value=\"xxx@xxx.com\" />\n      <Parameter key=\"telephone\" value=\"900000000\" />\n    </Parameters>\n  </Configuration>\n  <SearchType>Combined</SearchType>\n  <CancellationPolicies>false</CancellationPolicies>\n  <RoomCancellationPolicies>false</RoomCancellationPolicies>\n  <DailyPrices>false</DailyPrices>\n  <DailyRatePlans>false</DailyRatePlans>\n  <OnRequest>false</OnRequest>\n  <BusinessRules>CheaperAmount</BusinessRules>\n  <AvailDestinations>\n    <Destination type=\"ZON\" code=\"ESP\" />\n  </AvailDestinations>\n  <StartDate>24/04/2020</StartDate>\n  <EndDate>25/04/2020</EndDate>\n  <Currency>USD</Currency>\n  <Nationality>ES</Nationality>\n  <Markets>\n    <Market>ES</Market>\n  </Markets>\n  <RoomCandidates>\n    <RoomCandidate cantidad=\"1\" id=\"1\">\n      <Paxes>\n        <Pax age=\"30\" id=\"1\" />\n        <Pax age=\"30\" id=\"2\" />\n      </Paxes>\n    </RoomCandidate>\n  </RoomCandidates>\n</AvailRQ>",
							"options": {
								"raw": {
									"language": "xml"
								}
							}
						},
						"url": {
							"raw": "www.TestEndPoint.com",
							"host": [
								"www",
								"TestEndPoint",
								"com"
							]
						},
						"description": "This method aims to return all the available options for a given date and itinerary. It does not filter different classes, times or fares. It will always retrieve all results returned by the supplier."
					},
					"response": []
				},
				{
					"name": "Valuation",
					"request": {
						"method": "POST",
						"header": [
							{
								"key": "Content-Type",
								"name": "Content-Type",
								"value": "text/xml; charset=utf-8",
								"type": "text"
							},
							{
								"key": "Accept",
								"value": "application/xml",
								"type": "text"
							},
							{
								"key": "Content-Length",
								"value": "",
								"type": "text"
							},
							{
								"key": "Expect",
								"value": "100-continue",
								"type": "text"
							},
							{
								"key": "Accept-Encoding",
								"value": "gzip",
								"type": "text"
							},
							{
								"key": "Connection",
								"value": "Keep-Alive",
								"type": "text"
							}
						],
						"body": {
							"mode": "raw",
							"raw": "<?xml version=\"1.0\"?>\r\n<ValuationRQ xmlns:xsd=\"http://www.w3.org/2001/XMLSchema\" xmlns:xsi=\"http://www.w3.org/2001/XMLSchema-instance\">\r\n  <timeoutMilliseconds>18000</timeoutMilliseconds>\r\n  <source>\r\n    <languageCode>es</languageCode>\r\n  </source>\r\n  <filterAuditData>\r\n    <registerTransactions>false</registerTransactions>\r\n  </filterAuditData>\r\n  <optionsQuota>0</optionsQuota>\r\n  <Configuration>\r\n    <User>TEST</User>\r\n    <Password>TEST</Password>\r\n    <UrlAvail>http://www.TestEndPoint.com</UrlAvail>\r\n    <UrlReservation>http://www.TestEndPoint.com</UrlReservation>\r\n    <UrlValuation>http://www.TestEndPoint.com</UrlValuation>\r\n    <UrlGeneric>http://www.TestEndPoint.com</UrlGeneric>\r\n    <Parameters>\r\n      <Parameter key=\"email\" value=\"xxx@xxx.com\" />\r\n      <Parameter key=\"telephone\" value=\"900000000\" />\r\n    </Parameters>\r\n  </Configuration>\r\n  <StartDate>24/04/2020</StartDate>\r\n  <EndDate>25/04/2020</EndDate>\r\n  <OnRequest>false</OnRequest>\r\n  <Parameters>\r\n    <Parameter key=\"RateRule\" value=\"tarifaNoRefundablePorHabitacion\" />\r\n  </Parameters>\r\n  <MealPlanCode>14</MealPlanCode>\r\n  <HotelCode>1</HotelCode>\r\n  <PaymentType>MerchantPay</PaymentType>\r\n  <OptionType>Hotel</OptionType>\r\n  <BlockOption>false</BlockOption>\r\n  <Nationality>ES</Nationality>\r\n  <Rooms>\r\n    <Room id=\"1|30#30/30#30#3|1|2020-04-24|1|1215681|1215700|14|0|0\" roomCandidateRefId=\"1\" code=\"1325\" description=\"Doble\" />\r\n    <Room id=\"2|30#30/30#30#3|1|2020-04-24|1|1215681|1215700|14|0|0\" roomCandidateRefId=\"2\" code=\"1325\" description=\"Doble\" />\r\n  </Rooms>\r\n  <RoomCandidates>\r\n    <RoomCandidate cantidad=\"1\" id=\"1\">\r\n      <Paxes>\r\n        <Pax age=\"30\" id=\"1\" />\r\n        <Pax age=\"30\" id=\"2\" />\r\n      </Paxes>\r\n    </RoomCandidate>\r\n    <RoomCandidate cantidad=\"1\" id=\"2\">\r\n      <Paxes>\r\n        <Pax age=\"30\" id=\"1\" />\r\n        <Pax age=\"3\" id=\"2\" />\r\n        <Pax age=\"30\" id=\"3\" />\r\n      </Paxes>\r\n    </RoomCandidate>\r\n  </RoomCandidates>\r\n</ValuationRQ>",
							"options": {
								"raw": {
									"language": "xml"
								}
							}
						},
						"url": {
							"raw": "www.TestEndPoint.com",
							"host": [
								"www",
								"TestEndPoint",
								"com"
							]
						},
						"description": "This method aims to return all the available options for a given date and itinerary. It does not filter different classes, times or fares. It will always retrieve all results returned by the supplier."
					},
					"response": []
				},
				{
					"name": "Reservation",
					"request": {
						"method": "POST",
						"header": [
							{
								"key": "Content-Type",
								"type": "text",
								"value": "text/xml; charset=utf-8"
							},
							{
								"key": "Accept",
								"type": "text",
								"value": "application/xml"
							},
							{
								"key": "Content-Length",
								"type": "text",
								"value": ""
							},
							{
								"key": "Expect",
								"type": "text",
								"value": "100-continue"
							},
							{
								"key": "Accept-Encoding",
								"type": "text",
								"value": "gzip"
							},
							{
								"key": "Connection",
								"type": "text",
								"value": "Keep-Alive"
							}
						],
						"body": {
							"mode": "raw",
							"raw": "<?xml version=\"1.0\"?>\r\n<ReservationRQ xmlns:xsd=\"http://www.w3.org/2001/XMLSchema\" xmlns:xsi=\"http://www.w3.org/2001/XMLSchema-instance\">\r\n  <timeoutMilliseconds>60000</timeoutMilliseconds>\r\n  <source>\r\n    <languageCode>es</languageCode>\r\n  </source>\r\n  <filterAuditData>\r\n    <registerTransactions>true</registerTransactions>\r\n  </filterAuditData>\r\n  <optionsQuota>0</optionsQuota>\r\n  <hubProvider />\r\n  <Configuration>\r\n      <User>TEST</User>\r\n    <Password>TEST</Password>\r\n    <UrlAvail>http://www.TestEndPoint.com</UrlAvail>\r\n    <UrlReservation>http://www.TestEndPoint.com</UrlReservation>\r\n    <UrlValuation>http://www.TestEndPoint.com</UrlValuation>\r\n    <UrlGeneric>http://www.TestEndPoint.com</UrlGeneric>\r\n    <Parameters>\r\n      <Parameter key=\"email\" value=\"xxx@xxx.com\" />\r\n      <Parameter key=\"telephone\" value=\"900000000\" />\r\n    </Parameters>\r\n  </Configuration>\r\n  <ClientLocator>274943</ClientLocator>\r\n  <OnRequest>false</OnRequest>\r\n  <StartDate>24/04/2020</StartDate>\r\n  <EndDate>25/04/2020</EndDate>\r\n  <MealPlanCode>14</MealPlanCode>\r\n  <Nationality>ES</Nationality>\r\n  <ResGuests>\r\n    <Guests>\r\n      <Guest roomCandidateId=\"1\" paxId=\"1\">\r\n        <Title>Mr</Title>\r\n        <GivenName>Test11</GivenName>\r\n        <SurName>TestAp11</SurName>\r\n      </Guest>\r\n      <Guest roomCandidateId=\"1\" paxId=\"2\">\r\n        <Title>Mr</Title>\r\n        <GivenName>Test12</GivenName>\r\n        <SurName>TestAp12</SurName>\r\n      </Guest>\r\n      <Guest roomCandidateId=\"2\" paxId=\"1\">\r\n        <Title>Mr</Title>\r\n        <GivenName>Test21</GivenName>\r\n        <SurName>TestAp21</SurName>\r\n      </Guest>\r\n      <Guest roomCandidateId=\"2\" paxId=\"2\">\r\n        <Title>Mr</Title>\r\n        <GivenName>Test22</GivenName>\r\n        <SurName>TestAp22</SurName>\r\n      </Guest>\r\n      <Guest roomCandidateId=\"2\" paxId=\"3\">\r\n        <Title>Mr</Title>\r\n        <GivenName>Test23</GivenName>\r\n        <SurName>TestAp23</SurName>\r\n      </Guest>\r\n    </Guests>\r\n  </ResGuests>\r\n  <PaymentType>MerchantPay</PaymentType>\r\n  <HotelCode>1</HotelCode>\r\n  <Rooms>\r\n    <Room id=\"1|30#30/30#30#3|1|2020-04-24|1|1215681|1215700|14|0|0\" roomCandidateRefId=\"1\" code=\"1325\" description=\"Doble\" />\r\n    <Room id=\"2|30#30/30#30#3|1|2020-04-24|1|1215681|1215700|14|0|0\" roomCandidateRefId=\"2\" code=\"1325\" description=\"Doble\" />\r\n  </Rooms>\r\n  <RoomCandidates>\r\n    <RoomCandidate cantidad=\"1\" id=\"1\">\r\n      <Paxes>\r\n        <Pax age=\"30\" id=\"1\" />\r\n        <Pax age=\"30\" id=\"2\" />\r\n      </Paxes>\r\n    </RoomCandidate>\r\n    <RoomCandidate cantidad=\"1\" id=\"2\">\r\n      <Paxes>\r\n        <Pax age=\"30\" id=\"1\" />\r\n        <Pax age=\"3\" id=\"2\" />\r\n        <Pax age=\"30\" id=\"3\" />\r\n      </Paxes>\r\n    </RoomCandidate>\r\n  </RoomCandidates>\r\n  <Remarks>TravelgateX test booking</Remarks>\r\n</ReservationRQ>"
						},
						"url": {
							"raw": "www.TestEndPoint.com",
							"host": [
								"www",
								"TestEndPoint",
								"com"
							]
						},
						"description": "This method aims to return all the available options for a given date and itinerary. It does not filter different classes, times or fares. It will always retrieve all results returned by the supplier."
					},
					"response": []
				},
				{
					"name": "ReservationRead",
					"request": {
						"method": "POST",
						"header": [
							{
								"key": "Content-Type",
								"type": "text",
								"value": "text/xml; charset=utf-8"
							},
							{
								"key": "Accept",
								"type": "text",
								"value": "application/xml"
							},
							{
								"key": "Content-Length",
								"type": "text",
								"value": ""
							},
							{
								"key": "Expect",
								"type": "text",
								"value": "100-continue"
							},
							{
								"key": "Accept-Encoding",
								"type": "text",
								"value": "gzip"
							},
							{
								"key": "Connection",
								"type": "text",
								"value": "Keep-Alive"
							}
						],
						"body": {
							"mode": "raw",
							"raw": "\r\n<?xml version=\"1.0\"?>\r\n<ReservationReadRQ xmlns:xsd=\"http://www.w3.org/2001/XMLSchema\" xmlns:xsi=\"http://www.w3.org/2001/XMLSchema-instance\">\r\n  <timeoutMilliseconds>999999</timeoutMilliseconds>\r\n  <source>\r\n    <languageCode>es</languageCode>\r\n  </source>\r\n  <filterAuditData>\r\n    <registerTransactions>false</registerTransactions>\r\n  </filterAuditData>\r\n  <optionsQuota>0</optionsQuota>\r\n  <hubProvider />\r\n  <Configuration>\r\n    <User>TEST</User>\r\n    <Password>TEST</Password>\r\n    <UrlAvail>http://www.TestEndPoint.com</UrlAvail>\r\n    <UrlReservation>http://www.TestEndPoint.com</UrlReservation>\r\n    <UrlValuation>http://www.TestEndPoint.com</UrlValuation>\r\n    <UrlGeneric>http://www.TestEndPoint.com</UrlGeneric>\r\n    <Parameters>\r\n      <Parameter key=\"email\" value=\"xxx@xxx.com\" />\r\n      <Parameter key=\"telephone\" value=\"900000000\" />\r\n    </Parameters>\r\n  </Configuration>\r\n  <Locators>\r\n    <Client>sadsd</Client>\r\n    <Provider />\r\n  </Locators>\r\n  <StartDate>30/01/2020</StartDate>\r\n  <EndDate>30/01/2020</EndDate>\r\n  <CreationDate>30/01/2020</CreationDate>\r\n  <Currency>EUR</Currency>\r\n  <HotelCode />\r\n</ReservationReadRQ>"
						},
						"url": {
							"raw": "www.TestEndPoint.com",
							"host": [
								"www",
								"TestEndPoint",
								"com"
							]
						},
						"description": "This method aims to return all the available options for a given date and itinerary. It does not filter different classes, times or fares. It will always retrieve all results returned by the supplier."
					},
					"response": []
				},
				{
					"name": "ReservationList",
					"request": {
						"method": "POST",
						"header": [
							{
								"key": "Content-Type",
								"type": "text",
								"value": "text/xml; charset=utf-8"
							},
							{
								"key": "Accept",
								"type": "text",
								"value": "application/xml"
							},
							{
								"key": "Content-Length",
								"type": "text",
								"value": ""
							},
							{
								"key": "Expect",
								"type": "text",
								"value": "100-continue"
							},
							{
								"key": "Accept-Encoding",
								"type": "text",
								"value": "gzip"
							},
							{
								"key": "Connection",
								"type": "text",
								"value": "Keep-Alive"
							}
						],
						"body": {
							"mode": "raw",
							"raw": "<?xml version=\"1.0\"?>\r\n<ReservationListRQ xmlns:xsd=\"http://www.w3.org/2001/XMLSchema\" xmlns:xsi=\"http://www.w3.org/2001/XMLSchema-instance\">\r\n  <timeoutMilliseconds>999999</timeoutMilliseconds>\r\n  <source>\r\n    <languageCode>es</languageCode>\r\n  </source>\r\n  <filterAuditData>\r\n    <registerTransactions>false</registerTransactions>\r\n  </filterAuditData>\r\n  <optionsQuota>0</optionsQuota>\r\n  <hubProvider />\r\n  <Configuration>\r\n <User>TEST</User>\r\n    <Password>TEST</Password>\r\n    <UrlAvail>http://www.TestEndPoint.com</UrlAvail>\r\n    <UrlReservation>http://www.TestEndPoint.com</UrlReservation>\r\n    <UrlValuation>http://www.TestEndPoint.com</UrlValuation>\r\n    <UrlGeneric>http://www.TestEndPoint.com</UrlGeneric>\r\n    <Parameters>\r\n      <Parameter key=\"email\" value=\"xxx@xxx.com\" />\r\n      <Parameter key=\"telephone\" value=\"900000000\" />\r\n    </Parameters>\r\n  </Configuration>\r\n  <Start>30/01/2020</Start>\r\n  <End>30/01/2020</End>\r\n  <DateType>B</DateType>\r\n</ReservationListRQ>"
						},
						"url": {
							"raw": "www.TestEndPoint.com",
							"host": [
								"www",
								"TestEndPoint",
								"com"
							]
						},
						"description": "This method aims to return all the available options for a given date and itinerary. It does not filter different classes, times or fares. It will always retrieve all results returned by the supplier."
					},
					"response": []
				},
				{
					"name": "Cancel",
					"request": {
						"method": "POST",
						"header": [
							{
								"key": "Content-Type",
								"type": "text",
								"value": "text/xml; charset=utf-8"
							},
							{
								"key": "Accept",
								"type": "text",
								"value": "application/xml"
							},
							{
								"key": "Content-Length",
								"type": "text",
								"value": ""
							},
							{
								"key": "Expect",
								"type": "text",
								"value": "100-continue"
							},
							{
								"key": "Accept-Encoding",
								"type": "text",
								"value": "gzip"
							},
							{
								"key": "Connection",
								"type": "text",
								"value": "Keep-Alive"
							}
						],
						"body": {
							"mode": "raw",
							"raw": "<?xml version=\"1.0\"?>\r\n<CancelRQ xmlns:xsd=\"http://www.w3.org/2001/XMLSchema\" xmlns:xsi=\"http://www.w3.org/2001/XMLSchema-instance\" hotelCode=\"\">\r\n  <timeoutMilliseconds>999999</timeoutMilliseconds>\r\n  <source>\r\n    <languageCode>es</languageCode>\r\n  </source>\r\n  <filterAuditData>\r\n    <registerTransactions>false</registerTransactions>\r\n  </filterAuditData>\r\n  <optionsQuota>0</optionsQuota>\r\n  <hubProvider />\r\n  <Configuration>\r\n <User>TEST</User>\r\n    <Password>TEST</Password>\r\n    <UrlAvail>http://www.TestEndPoint.com</UrlAvail>\r\n    <UrlReservation>http://www.TestEndPoint.com</UrlReservation>\r\n    <UrlValuation>http://www.TestEndPoint.com</UrlValuation>\r\n    <UrlGeneric>http://www.TestEndPoint.com</UrlGeneric>\r\n    <Parameters>\r\n      <Parameter key=\"email\" value=\"xxx@xxx.com\" />\r\n      <Parameter key=\"telephone\" value=\"900000000\" />\r\n    </Parameters>\r\n  </Configuration>\r\n  <Locators>\r\n    <Client />\r\n    <Provider>asdadsd</Provider>\r\n  </Locators>\r\n  <StartDate>30/01/2020</StartDate>\r\n  <EndDate>30/01/2020</EndDate>\r\n</CancelRQ>"
						},
						"url": {
							"raw": "www.TestEndPoint.com",
							"host": [
								"www",
								"TestEndPoint",
								"com"
							]
						},
						"description": "This method aims to return all the available options for a given date and itinerary. It does not filter different classes, times or fares. It will always retrieve all results returned by the supplier."
					},
					"response": []
				}
			],
			"protocolProfileBehavior": {}
		},
		{
			"name": "Static Flow",
			"item": [
				{
					"name": "AvailDestinationTree",
					"request": {
						"method": "POST",
						"header": [
							{
								"key": "Content-Type",
								"name": "Content-Type",
								"value": "text/xml; charset=utf-8",
								"type": "text"
							},
							{
								"key": "Accept",
								"value": "application/xml",
								"type": "text"
							},
							{
								"key": "Content-Length",
								"value": "",
								"type": "text",
								"disabled": true
							},
							{
								"key": "Expect",
								"value": "100-continue",
								"type": "text"
							},
							{
								"key": "Accept-Encoding",
								"value": "gzip",
								"type": "text"
							},
							{
								"key": "Connection",
								"value": "Keep-Alive",
								"type": "text"
							}
						],
						"body": {
							"mode": "raw",
							"raw": "<AvailDestinationTreeRQ xmlns:xsd=\"http://www.w3.org/2001/XMLSchema\" xmlns:xsi=\"http://www.w3.org/2001/XMLSchema-instance\">\r\n  <timeoutMilliseconds>999999</timeoutMilliseconds>\r\n  <source>\r\n    <languageCode>es</languageCode>\r\n  </source>\r\n  <filterAuditData>\r\n    <registerTransactions>false</registerTransactions>\r\n  </filterAuditData>\r\n  <optionsQuota>0</optionsQuota>\r\n  <hubProvider />\r\n  <Configuration>\r\n    <User>TEST</User>\r\n    <Password>TEST</Password>\r\n    <UrlAvail>http://www.TestEndPoint.com</UrlAvail>\r\n    <UrlReservation>http://www.TestEndPoint.com/</UrlReservation>\r\n    <UrlValuation>http://www.TestEndPoint.com</UrlValuation>\r\n    <UrlGeneric>http://www.TestEndPoint.com</UrlGeneric>\r\n    <Parameters>\r\n      <Parameter key=\"email\" value=\"xxx@xxx.com\" />\r\n      <Parameter key=\"telephone\" value=\"900000000\" />\r\n    </Parameters>\r\n  </Configuration>\r\n</AvailDestinationTreeRQ>\r\n",
							"options": {
								"raw": {
									"language": "xml"
								}
							}
						},
						"url": {
							"raw": "www.TestEndPoint.com",
							"host": [
								"www",
								"TestEndPoint",
								"com"
							]
						},
						"description": "This method aims to return all the available options for a given date and itinerary. It does not filter different classes, times or fares. It will always retrieve all results returned by the supplier."
					},
					"response": []
				},
				{
					"name": "CategoryList",
					"request": {
						"method": "POST",
						"header": [
							{
								"key": "Content-Type",
								"name": "Content-Type",
								"value": "application/xml",
								"type": "text"
							},
							{
								"key": "Accept",
								"value": "application/xml",
								"type": "text"
							},
							{
								"key": "Content-Length",
								"value": "",
								"type": "text",
								"disabled": true
							},
							{
								"key": "Expect",
								"value": "100-continue",
								"type": "text"
							},
							{
								"key": "Accept-Encoding",
								"value": "gzip",
								"type": "text"
							},
							{
								"key": "Connection",
								"value": "Keep-Alive",
								"type": "text"
							}
						],
						"body": {
							"mode": "raw",
							"raw": "<CategoryListRQ xmlns:xsd=\"http://www.w3.org/2001/XMLSchema\" xmlns:xsi=\"http://www.w3.org/2001/XMLSchema-instance\">\r\n  <timeoutMilliseconds>999999</timeoutMilliseconds>\r\n  <source>\r\n    <languageCode>es</languageCode>\r\n  </source>\r\n  <filterAuditData>\r\n    <registerTransactions>false</registerTransactions>\r\n  </filterAuditData>\r\n  <optionsQuota>0</optionsQuota>\r\n  <hubProvider />\r\n  <Configuration>\r\n    <User>TEST</User>\r\n    <Password>TEST</Password>\r\n    <UrlAvail>http://www.TestEndPoint.com</UrlAvail>\r\n    <UrlReservation>http://www.TestEndPoint.com/</UrlReservation>\r\n    <UrlValuation>http://www.TestEndPoint.com</UrlValuation>\r\n    <UrlGeneric>http://www.TestEndPoint.com</UrlGeneric>\r\n    <Parameters>\r\n      <Parameter key=\"email\" value=\"xxx@xxx.com\" />\r\n      <Parameter key=\"telephone\" value=\"900000000\" />\r\n    </Parameters>\r\n  </Configuration>\r\n</CategoryListRQ>",
							"options": {
								"raw": {
									"language": "xml"
								}
							}
						},
						"url": {
							"raw": "www.TestEndPoint.com",
							"host": [
								"www",
								"TestEndPoint",
								"com"
							]
						},
						"description": "This method aims to return all the available options for a given date and itinerary. It does not filter different classes, times or fares. It will always retrieve all results returned by the supplier."
					},
					"response": []
				},
				{
					"name": "CurrencyList",
					"request": {
						"method": "POST",
						"header": [
							{
								"key": "Content-Type",
								"name": "Content-Type",
								"value": "application/xml",
								"type": "text"
							},
							{
								"key": "Accept",
								"value": "application/xml",
								"type": "text"
							},
							{
								"key": "Content-Length",
								"value": "",
								"type": "text",
								"disabled": true
							},
							{
								"key": "Expect",
								"value": "100-continue",
								"type": "text"
							},
							{
								"key": "Accept-Encoding",
								"value": "gzip",
								"type": "text"
							},
							{
								"key": "Connection",
								"value": "Keep-Alive",
								"type": "text"
							}
						],
						"body": {
							"mode": "raw",
							"raw": "<CurrencyListRQ xmlns:xsd=\"http://www.w3.org/2001/XMLSchema\" xmlns:xsi=\"http://www.w3.org/2001/XMLSchema-instance\">\r\n  <timeoutMilliseconds>999999</timeoutMilliseconds>\r\n  <source>\r\n    <languageCode>es</languageCode>\r\n  </source>\r\n  <filterAuditData>\r\n    <registerTransactions>false</registerTransactions>\r\n  </filterAuditData>\r\n  <optionsQuota>0</optionsQuota>\r\n  <hubProvider />\r\n  <Configuration>\r\n    <User>TEST</User>\r\n    <Password>TEST</Password>\r\n    <UrlAvail>http://www.TestEndPoint.com</UrlAvail>\r\n    <UrlReservation>http://www.TestEndPoint.com/</UrlReservation>\r\n    <UrlValuation>http://www.TestEndPoint.com</UrlValuation>\r\n    <UrlGeneric>http://www.TestEndPoint.com</UrlGeneric>\r\n    <Parameters>\r\n      <Parameter key=\"email\" value=\"xxx@xxx.com\" />\r\n      <Parameter key=\"telephone\" value=\"900000000\" />\r\n    </Parameters>\r\n  </Configuration>\r\n</CurrencyListRQ>",
							"options": {
								"raw": {
									"language": "xml"
								}
							}
						},
						"url": {
							"raw": "www.TestEndPoint.com",
							"host": [
								"www",
								"TestEndPoint",
								"com"
							]
						},
						"description": "This method aims to return all the available options for a given date and itinerary. It does not filter different classes, times or fares. It will always retrieve all results returned by the supplier."
					},
					"response": []
				},
				{
					"name": "DescriptiveInfo",
					"request": {
						"method": "POST",
						"header": [
							{
								"key": "Content-Type",
								"name": "Content-Type",
								"value": "application/xml",
								"type": "text"
							},
							{
								"key": "Accept",
								"value": "application/xml",
								"type": "text"
							},
							{
								"key": "Content-Length",
								"value": "",
								"type": "text",
								"disabled": true
							},
							{
								"key": "Expect",
								"value": "100-continue",
								"type": "text"
							},
							{
								"key": "Accept-Encoding",
								"value": "gzip",
								"type": "text"
							},
							{
								"key": "Connection",
								"value": "Keep-Alive",
								"type": "text"
							}
						],
						"body": {
							"mode": "raw",
							"raw": "<DescriptiveInfoRQ xmlns:xsd=\"http://www.w3.org/2001/XMLSchema\" xmlns:xsi=\"http://www.w3.org/2001/XMLSchema-instance\">\r\n  <timeoutMilliseconds>999999</timeoutMilliseconds>\r\n  <source>\r\n    <languageCode>es</languageCode>\r\n  </source>\r\n  <filterAuditData>\r\n    <registerTransactions>false</registerTransactions>\r\n  </filterAuditData>\r\n  <optionsQuota>0</optionsQuota>\r\n  <hubProvider />\r\n  <Configuration>\r\n    <User>TEST</User>\r\n    <Password>TEST</Password>\r\n    <UrlAvail>http://www.TestEndPoint.com</UrlAvail>\r\n    <UrlReservation>http://www.TestEndPoint.com/</UrlReservation>\r\n    <UrlValuation>http://www.TestEndPoint.com</UrlValuation>\r\n    <UrlGeneric>http://www.TestEndPoint.com</UrlGeneric>\r\n    <Parameters>\r\n      <Parameter key=\"email\" value=\"xxx@xxx.com\" />\r\n      <Parameter key=\"telephone\" value=\"900000000\" />\r\n    </Parameters>\r\n  </Configuration>\r\n  <Hotel>\r\n    <Code>423</Code>\r\n  </Hotel>\r\n</DescriptiveInfoRQ>",
							"options": {
								"raw": {
									"language": "xml"
								}
							}
						},
						"url": {
							"raw": "www.TestEndPoint.com",
							"host": [
								"www",
								"TestEndPoint",
								"com"
							]
						},
						"description": "This method aims to return all the available options for a given date and itinerary. It does not filter different classes, times or fares. It will always retrieve all results returned by the supplier."
					},
					"response": []
				},
				{
					"name": "HotelList",
					"request": {
						"method": "POST",
						"header": [
							{
								"key": "Content-Type",
								"name": "Content-Type",
								"value": "application/xml",
								"type": "text"
							},
							{
								"key": "Accept",
								"value": "application/xml",
								"type": "text"
							},
							{
								"key": "Content-Length",
								"value": "",
								"type": "text",
								"disabled": true
							},
							{
								"key": "Expect",
								"value": "100-continue",
								"type": "text"
							},
							{
								"key": "Accept-Encoding",
								"value": "gzip",
								"type": "text"
							},
							{
								"key": "Connection",
								"value": "Keep-Alive",
								"type": "text"
							}
						],
						"body": {
							"mode": "raw",
							"raw": "<HotelListRQ xmlns:xsd=\"http://www.w3.org/2001/XMLSchema\" xmlns:xsi=\"http://www.w3.org/2001/XMLSchema-instance\">\r\n  <timeoutMilliseconds>999999</timeoutMilliseconds>\r\n  <source>\r\n    <languageCode>es</languageCode>\r\n  </source>\r\n  <filterAuditData>\r\n    <registerTransactions>false</registerTransactions>\r\n  </filterAuditData>\r\n  <optionsQuota>0</optionsQuota>\r\n  <hubProvider />\r\n  <Configuration>\r\n    <User>TEST</User>\r\n    <Password>TEST</Password>\r\n    <UrlAvail>http://www.TestEndPoint.com</UrlAvail>\r\n    <UrlReservation>http://www.TestEndPoint.com/</UrlReservation>\r\n    <UrlValuation>http://www.TestEndPoint.com</UrlValuation>\r\n    <UrlGeneric>http://www.TestEndPoint.com</UrlGeneric>\r\n    <Parameters>\r\n      <Parameter key=\"email\" value=\"xxx@xxx.com\" />\r\n      <Parameter key=\"telephone\" value=\"900000000\" />\r\n    </Parameters>\r\n  </Configuration>\r\n  <HotelsNoBasicInfo>false</HotelsNoBasicInfo>\r\n</HotelListRQ>",
							"options": {
								"raw": {
									"language": "xml"
								}
							}
						},
						"url": {
							"raw": "www.TestEndPoint.com",
							"host": [
								"www",
								"TestEndPoint",
								"com"
							]
						},
						"description": "This method aims to return all the available options for a given date and itinerary. It does not filter different classes, times or fares. It will always retrieve all results returned by the supplier."
					},
					"response": []
				},
				{
					"name": "GeographicDestinationTree",
					"request": {
						"method": "POST",
						"header": [
							{
								"key": "Content-Type",
								"name": "Content-Type",
								"value": "application/xml",
								"type": "text"
							},
							{
								"key": "Accept",
								"value": "application/xml",
								"type": "text"
							},
							{
								"key": "Content-Length",
								"value": "",
								"type": "text",
								"disabled": true
							},
							{
								"key": "Expect",
								"value": "100-continue",
								"type": "text"
							},
							{
								"key": "Accept-Encoding",
								"value": "gzip",
								"type": "text"
							},
							{
								"key": "Connection",
								"value": "Keep-Alive",
								"type": "text"
							}
						],
						"body": {
							"mode": "raw",
							"raw": "<GeographicDestinationTreeRQ xmlns:xsd=\"http://www.w3.org/2001/XMLSchema\" xmlns:xsi=\"http://www.w3.org/2001/XMLSchema-instance\">\r\n  <timeoutMilliseconds>999999</timeoutMilliseconds>\r\n  <source>\r\n    <languageCode>es</languageCode>\r\n  </source>\r\n  <filterAuditData>\r\n    <registerTransactions>false</registerTransactions>\r\n  </filterAuditData>\r\n  <optionsQuota>0</optionsQuota>\r\n  <hubProvider />\r\n  <Configuration>\r\n    <User>TEST</User>\r\n    <Password>TEST</Password>\r\n    <UrlAvail>http://www.TestEndPoint.com</UrlAvail>\r\n    <UrlReservation>http://www.TestEndPoint.com/</UrlReservation>\r\n    <UrlValuation>http://www.TestEndPoint.com</UrlValuation>\r\n    <UrlGeneric>http://www.TestEndPoint.com</UrlGeneric>\r\n    <Parameters>\r\n      <Parameter key=\"email\" value=\"xxx@xxx.com\" />\r\n      <Parameter key=\"telephone\" value=\"900000000\" />\r\n    </Parameters>\r\n  </Configuration>\r\n</GeographicDestinationTreeRQ>",
							"options": {
								"raw": {
									"language": "xml"
								}
							}
						},
						"url": {
							"raw": "www.TestEndPoint.com",
							"host": [
								"www",
								"TestEndPoint",
								"com"
							]
						},
						"description": "This method aims to return all the available options for a given date and itinerary. It does not filter different classes, times or fares. It will always retrieve all results returned by the supplier."
					},
					"response": []
				},
				{
					"name": "MarketList",
					"request": {
						"method": "POST",
						"header": [
							{
								"key": "Content-Type",
								"name": "Content-Type",
								"value": "application/xml",
								"type": "text"
							},
							{
								"key": "Accept",
								"value": "application/xml",
								"type": "text"
							},
							{
								"key": "Content-Length",
								"value": "",
								"type": "text",
								"disabled": true
							},
							{
								"key": "Expect",
								"value": "100-continue",
								"type": "text"
							},
							{
								"key": "Accept-Encoding",
								"value": "gzip",
								"type": "text"
							},
							{
								"key": "Connection",
								"value": "Keep-Alive",
								"type": "text"
							}
						],
						"body": {
							"mode": "raw",
							"raw": "<MarketListRQ xmlns:xsd=\"http://www.w3.org/2001/XMLSchema\" xmlns:xsi=\"http://www.w3.org/2001/XMLSchema-instance\">\r\n  <timeoutMilliseconds>999999</timeoutMilliseconds>\r\n  <source>\r\n    <languageCode>es</languageCode>\r\n  </source>\r\n  <filterAuditData>\r\n    <registerTransactions>false</registerTransactions>\r\n  </filterAuditData>\r\n  <optionsQuota>0</optionsQuota>\r\n  <hubProvider />\r\n  <Configuration>\r\n    <User>TEST</User>\r\n    <Password>TEST</Password>\r\n    <UrlAvail>http://www.TestEndPoint.com</UrlAvail>\r\n    <UrlReservation>http://www.TestEndPoint.com/</UrlReservation>\r\n    <UrlValuation>http://www.TestEndPoint.com</UrlValuation>\r\n    <UrlGeneric>http://www.TestEndPoint.com</UrlGeneric>\r\n    <Parameters>\r\n      <Parameter key=\"email\" value=\"xxx@xxx.com\" />\r\n      <Parameter key=\"telephone\" value=\"900000000\" />\r\n    </Parameters>\r\n  </Configuration>\r\n</MarketListRQ>",
							"options": {
								"raw": {
									"language": "xml"
								}
							}
						},
						"url": {
							"raw": "www.TestEndPoint.com",
							"host": [
								"www",
								"TestEndPoint",
								"com"
							]
						},
						"description": "This method aims to return all the available options for a given date and itinerary. It does not filter different classes, times or fares. It will always retrieve all results returned by the supplier."
					},
					"response": []
				},
				{
					"name": "MealPlanList",
					"request": {
						"method": "POST",
						"header": [
							{
								"key": "Content-Type",
								"name": "Content-Type",
								"value": "application/xml",
								"type": "text"
							},
							{
								"key": "Accept",
								"value": "application/xml",
								"type": "text"
							},
							{
								"key": "Content-Length",
								"value": "",
								"type": "text",
								"disabled": true
							},
							{
								"key": "Expect",
								"value": "100-continue",
								"type": "text"
							},
							{
								"key": "Accept-Encoding",
								"value": "gzip",
								"type": "text"
							},
							{
								"key": "Connection",
								"value": "Keep-Alive",
								"type": "text"
							}
						],
						"body": {
							"mode": "raw",
							"raw": "<MealPlanListRQ xmlns:xsd=\"http://www.w3.org/2001/XMLSchema\" xmlns:xsi=\"http://www.w3.org/2001/XMLSchema-instance\">\r\n  <timeoutMilliseconds>999999</timeoutMilliseconds>\r\n  <source>\r\n    <languageCode>es</languageCode>\r\n  </source>\r\n  <filterAuditData>\r\n    <registerTransactions>false</registerTransactions>\r\n  </filterAuditData>\r\n  <optionsQuota>0</optionsQuota>\r\n  <hubProvider />\r\n  <Configuration>\r\n    <User>TEST</User>\r\n    <Password>TEST</Password>\r\n    <UrlAvail>http://www.TestEndPoint.com</UrlAvail>\r\n    <UrlReservation>http://www.TestEndPoint.com/</UrlReservation>\r\n    <UrlValuation>http://www.TestEndPoint.com</UrlValuation>\r\n    <UrlGeneric>http://www.TestEndPoint.com</UrlGeneric>\r\n    <Parameters>\r\n      <Parameter key=\"email\" value=\"xxx@xxx.com\" />\r\n      <Parameter key=\"telephone\" value=\"900000000\" />\r\n    </Parameters>\r\n  </Configuration>\r\n</MealPlanListRQ>",
							"options": {
								"raw": {
									"language": "xml"
								}
							}
						},
						"url": {
							"raw": "www.TestEndPoint.com",
							"host": [
								"www",
								"TestEndPoint",
								"com"
							]
						},
						"description": "This method aims to return all the available options for a given date and itinerary. It does not filter different classes, times or fares. It will always retrieve all results returned by the supplier."
					},
					"response": []
				},
				{
					"name": "RoomList",
					"request": {
						"method": "POST",
						"header": [
							{
								"key": "Content-Type",
								"name": "Content-Type",
								"type": "text",
								"value": "application/xml"
							},
							{
								"key": "Accept",
								"type": "text",
								"value": "application/xml"
							},
							{
								"key": "Content-Length",
								"type": "text",
								"value": "",
								"disabled": true
							},
							{
								"key": "Expect",
								"type": "text",
								"value": "100-continue"
							},
							{
								"key": "Accept-Encoding",
								"type": "text",
								"value": "gzip"
							},
							{
								"key": "Connection",
								"type": "text",
								"value": "Keep-Alive"
							}
						],
						"body": {
							"mode": "raw",
							"raw": "<RoomListRQ xmlns:xsd=\"http://www.w3.org/2001/XMLSchema\" xmlns:xsi=\"http://www.w3.org/2001/XMLSchema-instance\">\r\n  <timeoutMilliseconds>999999</timeoutMilliseconds>\r\n  <source>\r\n    <languageCode>es</languageCode>\r\n  </source>\r\n  <filterAuditData>\r\n    <registerTransactions>false</registerTransactions>\r\n  </filterAuditData>\r\n  <optionsQuota>0</optionsQuota>\r\n  <hubProvider />\r\n  <Configuration>\r\n    <User>TEST</User>\r\n    <Password>TEST</Password>\r\n    <UrlAvail>http://www.TestEndPoint.com</UrlAvail>\r\n    <UrlReservation>http://www.TestEndPoint.com/</UrlReservation>\r\n    <UrlValuation>http://www.TestEndPoint.com</UrlValuation>\r\n    <UrlGeneric>http://www.TestEndPoint.com</UrlGeneric>\r\n    <Parameters>\r\n      <Parameter key=\"email\" value=\"xxx@xxx.com\" />\r\n      <Parameter key=\"telephone\" value=\"900000000\" />\r\n    </Parameters>\r\n  </Configuration>\r\n</RoomListRQ>",
							"options": {
								"raw": {
									"language": "xml"
								}
							}
						},
						"url": {
							"raw": "www.TestEndPoint.com",
							"host": [
								"www",
								"TestEndPoint",
								"com"
							]
						},
						"description": "This method aims to return all the available options for a given date and itinerary. It does not filter different classes, times or fares. It will always retrieve all results returned by the supplier."
					},
					"response": []
				}
			],
			"protocolProfileBehavior": {}
		}
	],
	"protocolProfileBehavior": {}
}