DestinationCode, ParentCode, ISOCountryCode
29783,p1,ES
31739,p1,ES
25671,p1,ES
21934,p1,ES
12084,p1,ES
23885,p1,ES
8634,p1,ES
30505,p1,ES
3021,p1,ES
1654,p1,ES
17455,p1,ES
28399,p1,ES
NULL,p1,ES
11653,p1,ES
29283,p1,ES
1189,p1,ES
31559,p1,ES
4948,p1,ES
3749,p1,ES
14256,p1,ES
24489,p1,ES
30538,p1,ES
26936,p1,ES
32284,p1,ES
25130,p1,ES
8914,p1,ES
4948,p1,ES
18013,p1,ES
25130,p1,ES
3449,p1,ES
29258,p1,ES
31562,p1,ES
23204,p2,USA
12156,p2,USA
505,p2,USA
13518,p2,USA
30439,p2,USA
19406,p2,USA
25462,p2,USA
8960,p2,USA
16699,p2,USA
26466,p2,USA
32745,p2,USA
29241,p2,USA
NULL,p2,USA
10307,p2,USA
18027,p2,USA
12429,p2,USA
1719,p2,USA
19103,p2,USA
11098,p2,USA
29756,p2,USA
32003,p2,USA
17108,p2,USA
25565,p2,USA
687,p2,USA
18539,p2,USA
23635,p2,USA
23303,p2,USA
18084,p2,USA
17602,p2,USA
3021,p2,USA
15733,p3,ES
3732,p3,ES
24286,p3,ES
6809,p3,ES
8914,p3,ES
25477,p3,ES
20372,p3,ES
15733,p3,ES
15733,p3,ES
27888,p3,ES
16081,p3,ES
25216,p3,ES
27628,p3,ES
28266,p3,ES
8252,p3,ES
15919,p3,ES
20135,p3,ES
7900,p3,ES
9469,p3,ES
NULL,p3,ES
25130,p3,ES
25130,p3,ES
7637,p3,ES
31714,p3,ES
NULL,p3,ES
NULL,p3,ES
16865,p3,ES
31739,p3,ES
11635,p3,ES
NULL,p3,ES
5025,p3,ES
25173,p3,ES
31559,p3,ES
4091,p3,ES
23237,p3,ES
10386,p3,ES
8541,p3,ES
p1,p4,ES
p4,p3,ES
