ToReplace,ReplaceWith,Order
1 bed,apt,102
1 bedroom,apt,100
1 dormitorio,apt,105
1 habitación,apt,104
2 bed,2-bedroom,203
2 bedrm,2-bedroom,202
2 bedroom,2-bedroom,200
3 bed,3-bedroom,303
3 bedrm,3-bedroom,302
3 bedroom,3-bedroom,300
apart,apt,908
apartamento,apt,904
apartamentos,apt,903
apartment,apt,901
apartments,apt,900
apartmet,apt,902
appartment,apt,905
appt,apt,909
apt,apt,910
apto,apt,907
aptos,apt,906
dbl,room,504
doble,room,502
double,room,500
external,exterior,1100
familial,family,1300
habitación,room,507
indoor,interior,1002
inner,interior,1000
inside,interior,1001
internal,interior,1003
junior,room,506
lateral,side,800
one bed,apt,103
one bedroom,apt,101
outer,exterior,1102
outside,exterior,1101
partial,side,801
piscina,pool,600
poolside,pool,602
premium,superior,400
rooms,room,503
seaview,sea,1200
swimming,pool,601
three bed,3-bedroom,304
three bedroom,3-bedroom,301
twin,room,501
twn,room,505
two bed,2-bedroom,204
two bedroom,2-bedroom,201
views,view,701
vista,view,700
